行番号	MMMMM-00-クラス名	MMMMM-01-アクセス修飾子	MMMMM-02-戻り値の型	MMMMM-03-メソッド名	MMMMM-04-可変長引数があるか	MMMMM-05-引数の個数	MMMMM-06-型パラメータリスト	MMMMM-07-型パラメータ記号リスト	MMMMM-08-引数の型リスト	MMMMM-09-仮引数の変数名リスト
00001-java.lang.ClassLoader-00001-00001	java.lang.ClassLoader	public	java.lang.String	toString	false	0				
00002-java.lang.ClassLoader-00001-00002	java.lang.ClassLoader	public static	java.io.InputStream	getSystemResourceAsStream	false	1			java.lang.String	arg0
00003-java.lang.ClassLoader-00001-00003	java.lang.ClassLoader	public	java.lang.Class<?>	loadClass	false	1			java.lang.String	arg0
00004-java.lang.ClassLoader-00001-00004	java.lang.ClassLoader	public	boolean	equals	false	1			java.lang.Object	arg0
00005-java.lang.ClassLoader-00001-00005	java.lang.ClassLoader	public static	java.net.URL	getSystemResource	false	1			java.lang.String	arg0
00006-java.lang.ClassLoader-00001-00006	java.lang.ClassLoader	public static	java.lang.ClassLoader	getSystemClassLoader	false	0				
00007-java.lang.ClassLoader-00001-00007	java.lang.ClassLoader	public	java.util.stream.Stream<java.net.URL>	resources	false	1			java.lang.String	arg0
00008-java.lang.ClassLoader-00001-00008	java.lang.ClassLoader	public static	java.lang.ClassLoader	getPlatformClassLoader	false	0				
00009-java.lang.ClassLoader-00001-00009	java.lang.ClassLoader	public final	java.lang.ClassLoader	getParent	false	0				
00010-java.lang.ClassLoader-00001-00010	java.lang.ClassLoader	public static	java.util.Enumeration<java.net.URL>	getSystemResources	false	1			java.lang.String	arg0
00011-java.lang.ClassLoader-00001-00011	java.lang.ClassLoader	public	java.io.InputStream	getResourceAsStream	false	1			java.lang.String	arg0
00012-java.lang.ClassLoader-00001-00012	java.lang.ClassLoader	public final	java.lang.Module	getUnnamedModule	false	0				
00013-java.lang.ClassLoader-00001-00013	java.lang.ClassLoader	public final	java.lang.Package[]	getDefinedPackages	false	0				
00014-java.lang.ClassLoader-00001-00014	java.lang.ClassLoader	public	void	clearAssertionStatus	false	0				
00015-java.lang.ClassLoader-00001-00015	java.lang.ClassLoader	public final	java.lang.Package	getDefinedPackage	false	1			java.lang.String	arg0
00016-java.lang.ClassLoader-00001-00016	java.lang.ClassLoader	public	void	setClassAssertionStatus	false	2			java.lang.String,boolean	arg0,arg1
00017-java.lang.ClassLoader-00001-00017	java.lang.ClassLoader	public native	int	hashCode	false	0				
00018-java.lang.ClassLoader-00001-00018	java.lang.ClassLoader	public	java.util.Enumeration<java.net.URL>	getResources	false	1			java.lang.String	arg0
00019-java.lang.ClassLoader-00001-00019	java.lang.ClassLoader	public final	boolean	isRegisteredAsParallelCapable	false	0				
00020-java.lang.ClassLoader-00001-00020	java.lang.ClassLoader	public	void	setDefaultAssertionStatus	false	1			boolean	arg0
00021-java.lang.ClassLoader-00001-00021	java.lang.ClassLoader	public final native	void	notify	false	0				
00022-java.lang.ClassLoader-00001-00022	java.lang.ClassLoader	public	void	setPackageAssertionStatus	false	2			java.lang.String,boolean	arg0,arg1
00023-java.lang.ClassLoader-00001-00023	java.lang.ClassLoader	public	java.lang.String	getName	false	0				
00024-java.lang.ClassLoader-00001-00024	java.lang.ClassLoader	public final native	void	wait	false	1			long	arg0
00025-java.lang.ClassLoader-00001-00025	java.lang.ClassLoader	public final	void	wait	false	2			long,int	arg0,arg1
00026-java.lang.ClassLoader-00001-00026	java.lang.ClassLoader	public final	void	wait	false	0				
00027-java.lang.ClassLoader-00001-00027	java.lang.ClassLoader	public	java.net.URL	getResource	false	1			java.lang.String	arg0
00028-java.lang.ClassLoader-00001-00028	java.lang.ClassLoader	public final native	java.lang.Class<?>	getClass	false	0				
00029-java.lang.ClassLoader-00001-00029	java.lang.ClassLoader	public final native	void	notifyAll	false	0				
